[{
        "Lectures": "لصاحب الهم",
        "FilePath": "http://bot.altaqwaa.org/media/Lectures/001.mp4",
        "Author": "بدر المشاري"
    },
    {
        "Lectures": "الرحماء يرحمهم الرحمن 🌹",
        "FilePath": "http://bot.altaqwaa.org/media/Lectures/002.mp4",
        "Author": "بدر المشاري"
    },
    {
        "Lectures": "الابتلاء",
        "FilePath": "http://bot.altaqwaa.org/media/Lectures/003.mp4",
        "Author": "بدر المشاري"
    },
    {
        "Lectures": "أيها المتكبر إسمع",
        "FilePath": "http://bot.altaqwaa.org/media/Lectures/004.mp4",
        "Author": "بدر المشاري"
    },
    {
        "Lectures": "احد علامات الساعة في زماننا",
        "FilePath": "http://bot.altaqwaa.org/media/Lectures/005.mp4",
        "Author": "بدر المشاري"
    },
    {
        "Lectures": "لا تحقرن من المعروف شيئا !!",
        "FilePath": "http://bot.altaqwaa.org/media/Lectures/006.mp4",
        "Author": "بدر المشاري"
    },
    {
        "Lectures": "الجمعة",
        "FilePath": "http://bot.altaqwaa.org/media/Lectures/007.mp4",
        "Author": "بدر المشاري"
    },
    {
        "Lectures": "تأخير الصلاة",
        "FilePath": "http://bot.altaqwaa.org/media/Lectures/008.mp4",
        "Author": "بدر المشاري"
    },
    {
        "Lectures": "ازرع بذور الخير",
        "FilePath": "http://bot.altaqwaa.org/media/Lectures/009.mp4",
        "Author": "بدر المشاري"
    },
    {
        "Lectures": "ماذا لو اصابك جوع",
        "FilePath": "http://bot.altaqwaa.org/media/Lectures/10.mp4",
        "Author": "بدر المشاري"
    },
    {
        "Lectures": "ساعة الإستجابة يوم الجمعة",
        "FilePath": "http://bot.altaqwaa.org/media/Lectures/11.mp4",
        "Author": "بدر المشاري"
    },
    {
        "Lectures": "الدنيا ملعونة !!!",
        "FilePath": "http://bot.altaqwaa.org/media/Lectures/12.mp4",
        "Author": "بدر المشاري"
    },
    {
        "Lectures": "عليكم بتقوى الله والصبر على طاعته وترك معاصيه ، ويترتب على ذلك ثمرات",
        "FilePath": "http://bot.altaqwaa.org/media/Lectures/13.mp4",
        "Author": "بدر المشاري"
    },
    {
        "Lectures": "الله الله في الصلاة ☘️",
        "FilePath": "http://bot.altaqwaa.org/media/Lectures/14.mp4",
        "Author": "بدر المشاري"
    },
    {
        "Lectures": "قال يا رسول الله أنني أذنبت ذنبا !! \nقم فقد غفر الله لك",
        "FilePath": "http://bot.altaqwaa.org/media/Lectures/15.mp4",
        "Author": "بدر المشاري"
    },
    {
        "Lectures": "الرزق والبركة 🍃🌾",
        "FilePath": "http://bot.altaqwaa.org/media/Lectures/16.mp4",
        "Author": "بدر المشاري"
    },
    {
        "Lectures": "يوم الجمعة",
        "FilePath": "http://bot.altaqwaa.org/media/Lectures/17.mp4",
        "Author": "بدر المشاري"
    },
    {
        "Lectures": "اقتل الشيطان #غيظا",
        "FilePath": "http://bot.altaqwaa.org/media/Lectures/18.mp4",
        "Author": "بدر المشاري"
    },
    {
        "Lectures": "توكل على الله بكل شيء وثق تمام الثقة أنه ما خاب من توكل على الله",
        "FilePath": "http://bot.altaqwaa.org/media/Lectures/19.mp4",
        "Author": "بدر المشاري"
    },
    {
        "Lectures": "اخر وصية أوصى بها رسول الله قبل الختام ولعلها الأهم🌼",
        "FilePath": "http://bot.altaqwaa.org/media/Lectures/20.mp4",
        "Author": "بدر المشاري"
    },
    {
        "Lectures": "آداء الواجب 🌹",
        "FilePath": "http://bot.altaqwaa.org/media/Lectures/21.mp4",
        "Author": "بدر المشاري"
    },
    {
        "Lectures": "أصحاب الديون و الهموم والمعاصي \n{ تكفى همك ويغفر ذنبك ويقضى دينك ) ",
        "FilePath": "http://bot.altaqwaa.org/media/Lectures/22.mp4",
        "Author": "بدر المشاري"
    },
    {
        "Lectures": "عندك ليل لا تقومه ؟\nعندك مال لا تتصدق به ؟\nجبنت على عدو ان تقاتله ؟\nماذا تفعل ؟؟!",
        "FilePath": "http://bot.altaqwaa.org/media/Lectures/23.mp4",
        "Author": "بدر المشاري"
    },
    {
        "Lectures": "فلسطين الغالية",
        "FilePath": "http://bot.altaqwaa.org/media/Lectures/24.mp4",
        "Author": "بدر المشاري"
    },
    {
        "Lectures": "خل عندك ثقة بالله",
        "FilePath": "http://bot.altaqwaa.org/media/Lectures/25.mp4",
        "Author": "بدر المشاري"
    },
    {
        "Lectures": "أيها الرجال الأحرار أصحاب النفوس العالية #إحذر ترك عرضك في أماكن الاختلاط",
        "FilePath": "http://bot.altaqwaa.org/media/Lectures/26.mp4",
        "Author": "بدر المشاري"
    },
    {
        "Lectures": "اصل المرأة عفافها 🌹",
        "FilePath": "http://bot.altaqwaa.org/media/Lectures/27.mp4",
        "Author": "بدر المشاري"
    },
    {
        "Lectures": "المعصية تضعف القلب وتورث الذل",
        "FilePath": "http://bot.altaqwaa.org/media/Lectures/28.mp4",
        "Author": "بدر المشاري"
    },
    {
        "Lectures": "احذر ان تكون من الأشقياء المحرومين",
        "FilePath": "http://bot.altaqwaa.org/media/Lectures/29.mp4",
        "Author": "بدر المشاري"
    },
    {
        "Lectures": "مؤثر ستبكي من أصعب لحظات التاريخ الإسلامي 😔\n\nمقتل علي بن أبي طالب رضي الله عنه ...",
        "FilePath": "http://bot.altaqwaa.org/media/Lectures/30.mp4",
        "Author": "بدر المشاري"
    },
    {
        "Lectures": "احذروا من ظلم الناس فدعوة المظلوم لا تُرد حتى لو كانت من كافر",
        "FilePath": "http://bot.altaqwaa.org/media/Lectures/31.mp4",
        "Author": "بدر المشاري"
    },
    {
        "Lectures": "أول من ينشق عنه القبر يوم القيامة هو رسول الله ﷺ\nلماذا؟",
        "FilePath": "http://bot.altaqwaa.org/media/Lectures/32.mp4",
        "Author": "بدر المشاري"
    },
    {
        "Lectures": "هل تريد التوفيق في دنياك واخرتك ؟",
        "FilePath": "http://bot.altaqwaa.org/media/Lectures/33.mp4",
        "Author": "بدر المشاري"
    },
    {
        "Lectures": "علموا أولادكم سورة المائدة",
        "FilePath": "http://bot.altaqwaa.org/media/Lectures/34.mp4",
        "Author": "بدر المشاري"
    },
    {
        "Lectures": "من ضيعها خسران",
        "FilePath": "http://bot.altaqwaa.org/media/Lectures/35.mp4",
        "Author": "بدر المشاري"
    },
    {
        "Lectures": "غفر له ما تقدم من ذنبه",
        "FilePath": "http://bot.altaqwaa.org/media/Lectures/36.mp4",
        "Author": "بدر المشاري"
    },
    {
        "Lectures": "عندما يموت المرئ ويرى فضل الصدقة يريد الرجوع الى الدنيا ليصدق",
        "FilePath": "http://bot.altaqwaa.org/media/Lectures/37.mp4",
        "Author": "بدر المشاري"
    },
    {
        "Lectures": "سجن المؤمن وجنة الكافر فإن كانت دنياك عسيرة فأبشر",
        "FilePath": "http://bot.altaqwaa.org/media/Lectures/38.mp4",
        "Author": "بدر المشاري"
    },
    {
        "Lectures": "لماذا سجد رسول الله فجأة ( أكثروا الصلاة عليه )",
        "FilePath": "http://bot.altaqwaa.org/media/Lectures/39.mp4",
        "Author": "بدر المشاري"
    },
    {
        "Lectures": "الخوف من المستقبل",
        "FilePath": "http://bot.altaqwaa.org/media/Lectures/40.mp4",
        "Author": "بدر المشاري"
    },
    {
        "Lectures": "الصبر على قضاء الله وقدره",
        "FilePath": "http://bot.altaqwaa.org/media/Lectures/41.mp4",
        "Author": "بدر المشاري"
    },
    {
        "Lectures": "الدَّين في السنة",
        "FilePath": "http://bot.altaqwaa.org/media/Lectures/42.mp4",
        "Author": "بدر المشاري"
    },
    {
        "Lectures": "الشوق من السنة",
        "FilePath": "http://bot.altaqwaa.org/media/Lectures/43.mp4",
        "Author": "بدر المشاري"
    },
    {
        "Lectures": "نختلف لكن في حدود",
        "FilePath": "http://bot.altaqwaa.org/media/Lectures/44.mp4",
        "Author": "بدر المشاري"
    },
    {
        "Lectures": "العتاب لا يتعدى جبر الخواطر",
        "FilePath": "http://bot.altaqwaa.org/media/Lectures/45.mp4",
        "Author": "بدر المشاري"
    },
    {
        "Lectures": "مفهوم الصبر",
        "FilePath": "http://bot.altaqwaa.org/media/Lectures/46.mp4",
        "Author": "بدر المشاري"
    },
    {
        "Lectures": "والله ما عانينا بقدر ذرة من معاناتهم",
        "FilePath": "http://bot.altaqwaa.org/media/Lectures/47.mp4",
        "Author": "بدر المشاري"
    },
    {
        "Lectures": "لن تندم ندما أشد من هذا الندم",
        "FilePath": "http://bot.altaqwaa.org/media/Lectures/48.mp4",
        "Author": "بدر المشاري"
    },
    {
        "Lectures": "إحذر من تقلب الأحوال واشكر النعمة التي انعمها عليك الله",
        "FilePath": "http://bot.altaqwaa.org/media/Lectures/49.mp4",
        "Author": "بدر المشاري"
    },
    {
        "Lectures": "التواضع من شيم الأنبياء فتواضعوا اقتداءا بهم",
        "FilePath": "http://bot.altaqwaa.org/media/Lectures/50.mp4",
        "Author": "بدر المشاري"
    },
    {
        "Lectures": "أثر القرآن في حياتنا لو طبقناه",
        "FilePath": "http://bot.altaqwaa.org/media/Lectures/51.mp4",
        "Author": "بدر المشاري"
    },
    {
        "Lectures": "تارك الصلاه نحن نعيد نشر موضوع تارك الصلاه كثيرا لخطورته فقد أجمع أن تارك الصلاه كافرا",
        "FilePath": "http://bot.altaqwaa.org/media/Lectures/52.mp4",
        "Author": "بدر المشاري"
    },
    {
        "Lectures": "إحذر من التثاقل في العبادة فهي أهم سُبل النجاح",
        "FilePath": "http://bot.altaqwaa.org/media/Lectures/53.mp4",
        "Author": "بدر المشاري"
    },
    {
        "Lectures": "احذر ان تسن سنة محرمة فيبقى لك اثمها ما فعلها الناس",
        "FilePath": "http://bot.altaqwaa.org/media/Lectures/54.mp4",
        "Author": "بدر المشاري"
    },
    {
        "Lectures": "الله مدبر امورنا فلماذا نلجأ لغير الله",
        "FilePath": "http://bot.altaqwaa.org/media/Lectures/55.mp4",
        "Author": "بدر المشاري"
    },
    {
        "Lectures": "يوم الجمعة وليلتها",
        "FilePath": "http://bot.altaqwaa.org/media/Lectures/56.mp4",
        "Author": "بدر المشاري"
    },
    {
        "Lectures": "ناشئة الليل",
        "FilePath": "http://bot.altaqwaa.org/media/Lectures/57.mp4",
        "Author": "بدر المشاري"
    },
    {
        "Lectures": "حجر يسلم على النبي صلى الله عليه وسلم",
        "FilePath": "http://bot.altaqwaa.org/media/Lectures/58.mp4",
        "Author": "بدر المشاري"
    },
    {
        "Lectures": "العفاف والستر شيء غالي لا يملكه الا الأغنياء",
        "FilePath": "http://bot.altaqwaa.org/media/Lectures/59.mp4",
        "Author": "بدر المشاري"
    },
    {
        "Lectures": "خطر العين وضرورة الإكثار من الأذكار",
        "FilePath": "http://bot.altaqwaa.org/media/Lectures/60.mp4",
        "Author": "بدر المشاري"
    },
    {
        "Lectures": "هل الحب رزق ؟",
        "FilePath": "http://bot.altaqwaa.org/media/Lectures/61.mp4",
        "Author": "بدر المشاري"
    },
    {
        "Lectures": "تزكية النبي لأمته الذين آمنوا به ولم يروه",
        "FilePath": "http://bot.altaqwaa.org/media/Lectures/62.mp4",
        "Author": "بدر المشاري"
    },
    {
        "Lectures": "ورحمتي وسعت كل شيء",
        "FilePath": "http://bot.altaqwaa.org/media/Lectures/63.mp4",
        "Author": "بدر المشاري"
    },
    {
        "Lectures": "فضل النبي على أمته",
        "FilePath": "http://bot.altaqwaa.org/media/Lectures/64.mp4",
        "Author": "بدر المشاري"
    },
    {
        "Lectures": "صبر الرسول على أذى المشركين",
        "FilePath": "http://bot.altaqwaa.org/media/Lectures/65.mp4",
        "Author": "بدر المشاري"
    },
    {
        "Lectures": "مهما انحطت بك الدنيا وضعف إيمانك لا تغير في دين الله واياكم والبدع",
        "FilePath": "http://bot.altaqwaa.org/media/Lectures/66.mp4",
        "Author": "بدر المشاري"
    },
    {
        "Lectures": "بني إسرائيل ويوشع بن نون \n #اليقين بالله يغير موازين الدنيا",
        "FilePath": "http://bot.altaqwaa.org/media/Lectures/67.mp4",
        "Author": "بدر المشاري"
    },
    {
        "Lectures": "الفرق بين جيل الصحابة وباقي الاجيال",
        "FilePath": "http://bot.altaqwaa.org/media/Lectures/68.mp4",
        "Author": "بدر المشاري"
    },
    {
        "Lectures": "البر الحقيقي",
        "FilePath": "http://bot.altaqwaa.org/media/Lectures/69.mp4",
        "Author": "بدر المشاري"
    },
    {
        "Lectures": "قصة الامام الشافعي رحمه الله",
        "FilePath": "http://bot.altaqwaa.org/media/Lectures/70.mp4",
        "Author": "بدر المشاري"
    },
    {
        "Lectures": "لا تضيعوا فرص شرف الدعوة الى الله",
        "FilePath": "http://bot.altaqwaa.org/media/Lectures/71.mp4",
        "Author": "بدر المشاري"
    },
    {
        "Lectures": "لا يجتمعا في قلب مؤمن",
        "FilePath": "http://bot.altaqwaa.org/media/Lectures/72.mp4",
        "Author": "بدر المشاري"
    },
    {
        "Lectures": "لماذا نلجأ لغير الله",
        "FilePath": "http://bot.altaqwaa.org/media/Lectures/73.mp4",
        "Author": "بدر المشاري"
    },
    {
        "Lectures": "صلاة الضحى",
        "FilePath": "http://bot.altaqwaa.org/media/Lectures/74.mp4",
        "Author": "بدر المشاري"
    },
    {
        "Lectures": "هل أنت مهمومٌ أوضائقٌ صدرك !؟ اسمع الحل...",
        "FilePath": "http://bot.altaqwaa.org/media/Lectures/75.mp4",
        "Author": "بدر المشاري"
    },
    {
        "Lectures": "اسمع ما هي عقوبة كثرة وانتشار المعاصي والفواحش ‼️",
        "FilePath": "http://bot.altaqwaa.org/media/Lectures/77.mp4",
        "Author": "بدر المشاري"
    },
    {
        "Lectures": "#في_الجنة... اللهم اجعلنا من أهلها ...",
        "FilePath": "http://bot.altaqwaa.org/media/Lectures/78.mp4",
        "Author": "بدر المشاري"
    },
    {
        "Lectures": "اسمع مني ولا تسمع عني",
        "FilePath": "http://bot.altaqwaa.org/media/Lectures/79.mp4",
        "Author": "بدر المشاري"
    },
    {
        "Lectures": "لا تفضح نفسك وقد سترك الله",
        "FilePath": "http://bot.altaqwaa.org/media/Lectures/80.mp4",
        "Author": "بدر المشاري"
    },
    {
        "Lectures": "الاسباب الوقائية لفايرس العصر كورونا",
        "FilePath": "http://bot.altaqwaa.org/media/Lectures/81.mp4",
        "Author": "بدر المشاري"
    },
    {
        "Lectures": "تتبع عورات الناس وعواقبها",
        "FilePath": "http://bot.altaqwaa.org/media/Lectures/82.mp4",
        "Author": "بدر المشاري"
    },
    {
        "Lectures": "تعرف على سلمان الفارسي ، الذي كان يبحث عن الحقيقة",
        "FilePath": "http://bot.altaqwaa.org/media/Lectures/83.mp4",
        "Author": "بدر المشاري"
    },
    {
        "Lectures": "علي بن أبي طالب",
        "FilePath": "http://bot.altaqwaa.org/media/Lectures/84.mp4",
        "Author": "بدر المشاري"
    },
    {
        "Lectures": "من هو ورقة بن نوفل ⁉️  ذاك الذي يعرف الكتب السماوية وبشَّرَ النبي  ﷺ ...‼️",
        "FilePath": "http://bot.altaqwaa.org/media/Lectures/85.mp4",
        "Author": "بدر المشاري"
    },
    {
        "Lectures": "الصلاة الصلاة",
        "FilePath": "http://bot.altaqwaa.org/media/Lectures/86.mp4",
        "Author": "بدر المشاري"
    },
    {
        "Lectures": "#تعرف على الكنز العظيم ‼",
        "FilePath": "http://bot.altaqwaa.org/media/Lectures/87.mp4",
        "Author": "بدر المشاري"
    },
    {
        "Lectures": "ولادة النبي صلى الله عليه وسلم",
        "FilePath": "http://bot.altaqwaa.org/media/Lectures/88.mp4",
        "Author": "بدر المشاري"
    },
    {
        "Lectures": "امة محمد وبكاء النبي",
        "FilePath": "http://bot.altaqwaa.org/media/Lectures/89.mp4",
        "Author": "بدر المشاري"
    },
    {
        "Lectures": "حمزة بن عبد المطلب",
        "FilePath": "http://bot.altaqwaa.org/media/Lectures/90.mp4",
        "Author": "بدر المشاري"
    },
    {
        "Lectures": "أليس الله بقادر على أن يفرج همك ?",
        "FilePath": "http://bot.altaqwaa.org/media/Lectures/91.mp4",
        "Author": "بدر المشاري"
    },
    {
        "Lectures": "كم سنعيش في هذه الحياة ...‼️",
        "FilePath": "http://bot.altaqwaa.org/media/Lectures/92.mp4",
        "Author": "بدر المشاري"
    },
    {
        "Lectures": "النصح واجب",
        "FilePath": "http://bot.altaqwaa.org/media/Lectures/93.mp4",
        "Author": "بدر المشاري"
    },
    {
        "Lectures": "التوكل على الله",
        "FilePath": "http://bot.altaqwaa.org/media/Lectures/94.mp4",
        "Author": "بدر المشاري"
    },
    {
        "Lectures": "قصة الصحابي عبدالله بن أُنيس ، الذي خدع المشركين وقتل خالد الهذلي 💎",
        "FilePath": "http://bot.altaqwaa.org/media/Lectures/95.mp4",
        "Author": "بدر المشاري"
    },
    {
        "Lectures": "الصلاة على النبي شي عظيم لا يفوتك",
        "FilePath": "http://bot.altaqwaa.org/media/Lectures/96.mp4",
        "Author": "بدر المشاري"
    },
    {
        "Lectures": "ما هو شعورك لو كنت بينهم وبشرك الرسول بالجنة",
        "FilePath": "http://bot.altaqwaa.org/media/Lectures/97.mp4",
        "Author": "بدر المشاري"
    },
    {
        "Lectures": "اذا اتى الموت",
        "FilePath": "http://bot.altaqwaa.org/media/Lectures/98.mp4",
        "Author": "بدر المشاري"
    },
    {
        "Lectures": "الكلام البذيئ",
        "FilePath": "http://bot.altaqwaa.org/media/Lectures/99.mp4",
        "Author": "بدر المشاري"
    },
    {
        "Lectures": "قرب الى الله قربانا ليدهشك بعطائه",
        "FilePath": "http://bot.altaqwaa.org/media/Lectures/100.mp4",
        "Author": "بدر المشاري"
    },
    {
        "Lectures": "لماذا المؤمن كالنخلة !؟🌴",
        "FilePath": "http://bot.altaqwaa.org/media/Lectures/101.mp4",
        "Author": "فالح ارتيبان"
    },
    {
        "Lectures": "نعيـم الـجنة مُحفز",
        "FilePath": "http://bot.altaqwaa.org/media/Lectures/102.mp4",
        "Author": "محمد المنجد"
    },
    {
        "Lectures": "الانفاق",
        "FilePath": "http://bot.altaqwaa.org/media/Lectures/104.mp4",
        "Author": "صالح المغامسي"
    },
    {
        "Lectures": "أعظم آيتين بلاغةً في القرآن الكريم",
        "FilePath": "http://bot.altaqwaa.org/media/Lectures/105.mp4",
        "Author": "صالح المغامسي"
    },
    {
        "Lectures": "شَقوتَ يا ابن آدم بخُروج أبِيك منْ الجَنة",
        "FilePath": "http://bot.altaqwaa.org/media/Lectures/106.mp4",
        "Author": "صالح المغامسي"
    },
    {
        "Lectures": "نعمة العافية وموت الفجأة ؟!!",
        "FilePath": "http://bot.altaqwaa.org/media/Lectures/107.mp4",
        "Author": "سعد العتيق"
    },
    {
        "Lectures": "مواعظ تريح القلب الحزين",
        "FilePath": "http://bot.altaqwaa.org/media/Lectures/108.mp4",
        "Author": "بدر المشاري"
    },
    {
        "Lectures": "نشر الفواحش",
        "FilePath": "http://bot.altaqwaa.org/media/Lectures/109.mp4",
        "Author": "سعد العتيق"
    },
    {
        "Lectures": "وصف الجنة ونعيمها",
        "FilePath": "http://bot.altaqwaa.org/media/Lectures/110.mp4",
        "Author": "خالد الراشد"
    },
    {
        "Lectures": "لا تخوفوا الناس من لقاء الله",
        "FilePath": "http://bot.altaqwaa.org/media/Lectures/111.mp4",
        "Author": "بدر المشاري"
    },
    {
        "Lectures": "رسالة لكل من أرهـقـته الذنوب ..مقطع جميل جداً يُداوي الأحْزان ويُريح القلب",
        "FilePath": "http://bot.altaqwaa.org/media/Lectures/112.mp4",
        "Author": "سعيد الكملي"
    },
    {
        "Lectures": "إذا أردت النور والشفاء من أمراضك وهمومك وأحزانك _ الشيخ",
        "FilePath": "http://bot.altaqwaa.org/media/Lectures/113.mp4",
        "Author": "سعد العتيق"
    },
    {
        "Lectures": "هل يقرأ المأموم الفاتحة أم يستمع لقراءة إمامه؟",
        "FilePath": "http://bot.altaqwaa.org/media/Lectures/114.mp4",
        "Author": "ابن عثيمين"
    },
    {
        "Lectures": "أسباب الشفاء من الأمراض",
        "FilePath": "http://bot.altaqwaa.org/media/Lectures/115.mp4",
        "Author": "ماهؤ المعيقلي"
    },
    {
        "Lectures": "خالد بن الوليد (رضي الله عنه) | سيف الله المسلول",
        "FilePath": "http://bot.altaqwaa.org/media/Lectures/116.mp4"
    },
    {
        "Lectures": "✦ حكم الكلام أثناء قضاء الحاجة ✦",
        "FilePath": "http://bot.altaqwaa.org/media/Lectures/117.mp4",
        "Author": "عبدالعزيز الطريفي"
    },
    {
        "Lectures": "•• الصلاة سلوك للمؤمن ••",
        "FilePath": "http://bot.altaqwaa.org/media/Lectures/118.mp4",
        "Author": "عبدالرحمن البراك"
    },
    {
        "Lectures": "ربنا لما بيفرج بيفرج الكرب كله 🌿🤍",
        "FilePath": "http://bot.altaqwaa.org/media/Lectures/119.mp4",
        "Author": " حازم شومان"
    },
    {
        "Lectures": "🎙 علاج الغضب 🎙",
        "FilePath": "http://bot.altaqwaa.org/media/Lectures/120.mp4",
        "Author": "عثمان الخميس"
    },
    {
        "Lectures": "🍃 حقيقة التوكل على الله 🍃",
        "FilePath": "http://bot.altaqwaa.org/media/Lectures/121.mp4",
        "Author": "أبي إسحاق الحويني"
    },
    {
        "Lectures": "قال سأتوب غداً ولكن ؟!",
        "FilePath": "http://bot.altaqwaa.org/media/Lectures/122.mp4",
        "Author": "أبي إسحاق الحويني"
    },
    {
        "Lectures": "كلمات من نور في ذكر فضل النبي ﷺ على أمته ووجوب اتباعه وحرمة الابتداع ومخالفة هديه ﷺ",
        "FilePath": "http://bot.altaqwaa.org/media/Lectures/123.mp4",
        "Author": "علي بن عبدالخالق القرني"
    },
    {
        "Lectures": "من هم آل النبي \n'صلى الله عليه وسلم ' \nمعلومة جديدة 🍃",
        "FilePath": "http://bot.altaqwaa.org/media/Lectures/124.mp4"
    },
    {
        "Lectures": "الاجتماع قوة",
        "FilePath": "http://bot.altaqwaa.org/media/Lectures/125.mp4",
        "Author": "علي بن عبدالخالق القرني"
    },
    {
        "Lectures": "تعرف على سلمان الفارسي ، الذي كان يبحث عن الحقيقة.",
        "FilePath": "http://bot.altaqwaa.org/media/Lectures/126.mp4",
        "Author": "بدر المشاري"
    },
    {
        "Lectures": "علي بن أبي طالب رضي الله عنه",
        "FilePath": "http://bot.altaqwaa.org/media/Lectures/127.mp4",
        "Author": "بدر المشاري"
    },
    {
        "Lectures": "لا تحزن ان الله معنا",
        "FilePath": "http://bot.altaqwaa.org/media/Lectures/128.mp4",
        "Author": "الحسنات"
    },
    {
        "Lectures": "ما معنى الصلاة على الرسول ؟",
        "FilePath": "http://bot.altaqwaa.org/media/Lectures/129.mp4",
        "Author": "ابن عثيمين رحمه الله"
    },
    {
        "Lectures": "لا تغامر",
        "FilePath": "http://bot.altaqwaa.org/media/Lectures/130.mp4",
        "Author": "سعد الخثلان"
    },
    {
        "Lectures": "صورة عظيمة من صور شجاعة #النبي ﷺ في #معركة_أحد",
        "FilePath": "http://bot.altaqwaa.org/media/Lectures/131.mp4",
        "Author": "علي بن عبدالخالق القرني"
    },
    {
        "Lectures": " ",
        "FilePath": "http://bot.altaqwaa.org/media/Lectures/132.mp4"
    },
    {
        "Lectures": "كان كمن اعتق أربعة أنفس !",
        "FilePath": "http://bot.altaqwaa.org/media/Lectures/133.mp4",
        "Author": "ابن عثيمين رحمه الله تعالى"
    },
    {
        "Lectures": "غذاء القلب !",
        "FilePath": "http://bot.altaqwaa.org/media/Lectures/134.mp4",
        "Author": "عبدالسلام الحصين"
    },
    {
        "Lectures": "سعادة المرء في القرآن الكريم",
        "FilePath": "http://bot.altaqwaa.org/media/Lectures/135.mp4",
        "Author": "محمد الشنقيطي"
    },
    {
        "Lectures": "لا تأمن على نفسك !",
        "FilePath": "http://bot.altaqwaa.org/media/Lectures/136.mp4",
        "Author": "صالح العصيمي"
    },
    {
        "Lectures": "رضي الله عن أمنا أم المؤمنين عائشة بنت الصديق\nأحب الناس إلى أفضل الخلق صلى الله عليه وسلم\nالطاهرة المطهرة المبرأة من فوق سبع سماوات",
        "FilePath": "http://bot.altaqwaa.org/media/Lectures/137.mp4",
        "Author": "علي بن عبدالخالق القرني"
    },
    {
        "Lectures": "ارضاء الناس",
        "FilePath": "http://bot.altaqwaa.org/media/Lectures/138.mp4",
        "Author": "علي بن عبدالخالق القرني"
    },
    {
        "Lectures": "من فقه الابتلاء",
        "FilePath": "http://bot.altaqwaa.org/media/Lectures/139.mp4",
        "Author": "حسن بخاري"
    },
    {
        "Lectures": "الصلاة الصلاة",
        "FilePath": "http://bot.altaqwaa.org/media/Lectures/140.mp4",
        "Author": "بدر المشاري"
    },
    {
        "Lectures": "تقربك من حب الله",
        "FilePath": "http://bot.altaqwaa.org/media/Lectures/141.mp4",
        "Author": "بدر المشاري"
    },
    {
        "Lectures": "﴿يَومَ تُبلَى السَّرائِرُ﴾ [الطارق: ٩]",
        "FilePath": "http://bot.altaqwaa.org/media/Lectures/142.mp4",
        "Author": "محمد الخضيري"
    },
    {
        "Lectures": "هذا هو رسول الله صلى الله عليه وسلم",
        "FilePath": "http://bot.altaqwaa.org/media/Lectures/143.mp4",
        "Author": "علي بن عبدالخالق القرني"
    },
    {
        "Lectures": "منازل اهل الجنه",
        "FilePath": "http://bot.altaqwaa.org/media/Lectures/144.mp4",
        "Author": "ابن باز رحمه اله"
    },
    {
        "Lectures": "الرزق مكتوب",
        "FilePath": "http://bot.altaqwaa.org/media/Lectures/145.mp4",
        "Author": "بدر المشاري"
    },
    {
        "Lectures": "حديث مؤثر عن التوفيق",
        "FilePath": "http://bot.altaqwaa.org/media/Lectures/146.mp4",
        "Author": "محمد المختار الشنقيطي"
    },
    {
        "Lectures": "🔰 سنة مهجورة أهملها كثير من الناس اليوم 🔰",
        "FilePath": "http://bot.altaqwaa.org/media/Lectures/147.mp4",
        "Author": "سليمان الرحيلي"
    },
    {
        "Lectures": "لا تعيب احد",
        "FilePath": "http://bot.altaqwaa.org/media/Lectures/148.mp4",
        "Author": "علي بن عبدالخالق القرني"
    },
    {
        "Lectures": "نسوا الله.. فنسيهم!",
        "FilePath": "http://bot.altaqwaa.org/media/Lectures/149.mp4",
        "Author": "عقيل الشمري"
    },
    {
        "Lectures": "#تعرف على الكنز العظيم ‼️",
        "FilePath": "http://bot.altaqwaa.org/media/Lectures/150.mp4",
        "Author": "بدر المشاري"
    },
    {
        "Lectures": "قسوة القلوب وعلاجها",
        "FilePath": "http://bot.altaqwaa.org/media/Lectures/151.mp4",
        "Author": "ابن باز رحمه الله"
    },
    {
        "Lectures": "الربا",
        "FilePath": "http://bot.altaqwaa.org/media/Lectures/152.mp4",
        "Author": "عبدالعزيز الفوزان"
    },
    {
        "Lectures": "ذنوب الخلوات",
        "FilePath": "http://bot.altaqwaa.org/media/Lectures/153.mp4",
        "Author": "عمر المقبل"
    },
    {
        "Lectures": "سيأتيك رزقك",
        "FilePath": "http://bot.altaqwaa.org/media/Lectures/154.mp4",
        "Author": "عبد العزيز الفوزان"
    },
    {
        "Lectures": "نصف المجتمع",
        "FilePath": "http://bot.altaqwaa.org/media/Lectures/155.mp4"
    },
    {
        "Lectures": "رسالة للمهمومين",
        "FilePath": "http://bot.altaqwaa.org/media/Lectures/156.mp4",
        "Author": "علي بن عبدالخالق القرني"
    },
    {
        "Lectures": "الرزق",
        "FilePath": "http://bot.altaqwaa.org/media/Lectures/157.mp4",
        "Author": "علي بن عبدالخالق القرني"
    },
    {
        "Lectures": "مقطع من محاضرة #الرضاب_المعسول في جود الرسول ﷺ :\nقصته ﷺ مع الأعراب بعد عودته من حنين ",
        "FilePath": "http://bot.altaqwaa.org/media/Lectures/158.mp4",
        "Author": "علي بن عبدالخالق القرني"
    },
    {
        "Lectures": "قدر الله وماشاء فعل",
        "FilePath": "http://bot.altaqwaa.org/media/Lectures/159.mp4"
    },
    {
        "Lectures": "أحسن الظن بالله",
        "FilePath": "http://bot.altaqwaa.org/media/Lectures/160.mp4"
    },
    {
        "Lectures": "حُب الله",
        "FilePath": "http://bot.altaqwaa.org/media/Lectures/161.mp4",
        "Author": "بدر المشاري"
    },
    {
        "Lectures": "بين اليوم والغد !",
        "FilePath": "http://bot.altaqwaa.org/media/Lectures/162.mp4",
        "Author": "عبد العزيز السدحان"
    },
    {
        "Lectures": "بهذا تنال العلم",
        "FilePath": "http://bot.altaqwaa.org/media/Lectures/163.mp4",
        "Author": "صالح العصيمي"
    },
    {
        "Lectures": "أفضلية الدعاء للنفس",
        "FilePath": "http://bot.altaqwaa.org/media/Lectures/164.mp4",
        "Author": "عمر المقبل"
    },
    {
        "Lectures": "ماذا أقول ؟",
        "FilePath": "http://bot.altaqwaa.org/media/Lectures/165.mp4",
        "Author": "حسن بخاري"
    },
    {
        "Lectures": "هل ترجو ثوابه ؟!",
        "FilePath": "http://bot.altaqwaa.org/media/Lectures/166.mp4",
        "Author": "عبدالكريم الخضير"
    },
    {
        "Lectures": "لا يدرون ماذا يقولون في الصلاة",
        "FilePath": "http://bot.altaqwaa.org/media/Lectures/167.mp4",
        "Author": "محمد المنجد"
    },
    {
        "Lectures": "متى تقال اذكار الصباح",
        "FilePath": "http://bot.altaqwaa.org/media/Lectures/168.mp4",
        "Author": "محمد المنجد"
    },
    {
        "Lectures": "ربٌ كريم",
        "FilePath": "http://bot.altaqwaa.org/media/Lectures/169.mp4",
        "Author": "حسن بخاري"
    },
    {
        "Lectures": "ماهي فتنة المحيا والممات",
        "FilePath": "http://bot.altaqwaa.org/media/Lectures/170.mp4",
        "Author": "عثمان خميس"
    },
    {
        "Lectures": "أمة محمد صلى الله عليه وسلم",
        "FilePath": "http://bot.altaqwaa.org/media/Lectures/171.mp4",
        "Author": "علي بن عبدالخالق القرني"
    },
    {
        "Lectures": "بالليل والنهار !",
        "FilePath": "http://bot.altaqwaa.org/media/Lectures/172.mp4",
        "Author": "عبدالعزيز ابن باز رحمه الله"
    },
    {
        "Lectures": "العزة الحقيقية",
        "FilePath": "http://bot.altaqwaa.org/media/Lectures/173.mp4",
        "Author": "صالح اللحيدان"
    },
    {
        "Lectures": "الموفق",
        "FilePath": "http://bot.altaqwaa.org/media/Lectures/174.mp4",
        "Author": "صالح اللحيدان"
    },
    {
        "Lectures": "راس مالك",
        "FilePath": "http://bot.altaqwaa.org/media/Lectures/175.mp4",
        "Author": "صالح اللحيدان"
    },
    {
        "Lectures": "المسلم الصادق",
        "FilePath": "http://bot.altaqwaa.org/media/Lectures/176.mp4",
        "Author": "علي بن عبدالخالق القرني"
    },
    {
        "Lectures": "جرافيك مميز :  الوالدان 🍃",
        "FilePath": "http://bot.altaqwaa.org/media/Lectures/177.mp4"
    },
    {
        "Lectures": "النفس البشرية",
        "FilePath": "http://bot.altaqwaa.org/media/Lectures/178.mp4",
        "Author": "علي بن عبدالخالق القرني"
    },
    {
        "Lectures": "الصبر",
        "FilePath": "http://bot.altaqwaa.org/media/Lectures/179.mp4",
        "Author": "محمد الشنقيطي"
    },
    {
        "Lectures": "يا من يرى ما في الضمير ويسمع !",
        "FilePath": "http://bot.altaqwaa.org/media/Lectures/180.mp4",
        "Author": "سعيد الكملي"
    },
    {
        "Lectures": "امة محمد وبكاء النبي",
        "FilePath": "http://bot.altaqwaa.org/media/Lectures/181.mp4",
        "Author": "بدر المشاري"
    },
    {
        "Lectures": "من هو #الله",
        "FilePath": "http://bot.altaqwaa.org/media/Lectures/182.mp4",
        "Author": "بدر المشاري"
    },
    {
        "Lectures": "أهمية ملازمة ذكر الله",
        "FilePath": "http://bot.altaqwaa.org/media/Lectures/183.mp4",
        "Author": "عبدالعزيز آل الشيخ"
    },
    {
        "Lectures": "حافظ على الأذكار",
        "FilePath": "http://bot.altaqwaa.org/media/Lectures/184.mp4",
        "Author": "محمد الشنقيطي"
    },
    {
        "Lectures": "استخر !",
        "FilePath": "http://bot.altaqwaa.org/media/Lectures/185.mp4",
        "Author": "عبدالسلام الشويعر"
    },
    {
        "Lectures": "ثُلثي أهل الجنة !",
        "FilePath": "http://bot.altaqwaa.org/media/Lectures/186.mp4",
        "Author": "عبدالسلام الشويعر"
    },
    {
        "Lectures": "السنة عند نزول المطر",
        "FilePath": "http://bot.altaqwaa.org/media/Lectures/187.mp4",
        "Author": "محمد المنجد"
    },
    {
        "Lectures": "لايُضيع أهله !",
        "FilePath": "http://bot.altaqwaa.org/media/Lectures/188.mp4",
        "Author": "عبدالله العبيد"
    },
    {
        "Lectures": "علامة المحبة",
        "FilePath": "http://bot.altaqwaa.org/media/Lectures/189.mp4",
        "Author": "محمد بن عثيمين"
    },
    {
        "Lectures": "مقطع توعوي بأضرار قاتل المليار 🚬",
        "FilePath": "http://bot.altaqwaa.org/media/Lectures/190.mp4"
    },
    {
        "Lectures": "الشباب",
        "FilePath": "http://bot.altaqwaa.org/media/Lectures/191.mp4",
        "Author": "علي بن عبدالخالق القرني"
    },
    {
        "Lectures": "فزع إلى الصلاة",
        "FilePath": "http://bot.altaqwaa.org/media/Lectures/192.mp4",
        "Author": "محمد الشنقيطي"
    },
    {
        "Lectures": "الأخلاق الأخلاق .. يا أمة متمم الأخلاق #صلى_الله_عليه_وسلم",
        "FilePath": "http://bot.altaqwaa.org/media/Lectures/193.mp4",
        "Author": "علي بن عبدالخالق القرني"
    },
    {
        "Lectures": "يحب الله من عباده ان يتوبوا اليه",
        "FilePath": "http://bot.altaqwaa.org/media/Lectures/194.mp4",
        "Author": "بن باز رحمه الله"
    },
    {
        "Lectures": "المسلم لا يعجب بعمله",
        "FilePath": "http://bot.altaqwaa.org/media/Lectures/195.mp4",
        "Author": "صالح الفوزان"
    },
    {
        "Lectures": "كارثه بمعنى الكارثه",
        "FilePath": "http://bot.altaqwaa.org/media/Lectures/196.mp4",
        "Author": "صالح آل الشيخ"
    },
    {
        "Lectures": "عذاب اهل النار",
        "FilePath": "http://bot.altaqwaa.org/media/Lectures/197.mp4",
        "Author": "سليمان الرحيلي"
    },
    {
        "Lectures": "لا تظهر الشماته باخيك فيعافيه الله ويبتليك",
        "FilePath": "http://bot.altaqwaa.org/media/Lectures/198.mp4",
        "Author": "محمد صالح العثيمين"
    },
    {
        "Lectures": "بالصلاه تتساقط الذنوب",
        "FilePath": "http://bot.altaqwaa.org/media/Lectures/199.mp4",
        "Author": "صالح بن عبدالله العصيمي"
    },
    {
        "Lectures": "الأسباب والتوكل على الله عز وجل",
        "FilePath": "http://bot.altaqwaa.org/media/Lectures/200.mp4",
        "Author": "عبد العزيز بن عبدالله بن باز"
    },
    {
        "Lectures": "من بورك له في شيء فليلزمه",
        "FilePath": "http://bot.altaqwaa.org/media/Lectures/201.mp4",
        "Author": "محمد صالح العثيمين"
    },
    {
        "Lectures": "الخيرة فيما اختاره الله 🍃",
        "FilePath": "http://bot.altaqwaa.org/media/Lectures/202.mp4",
        "Author": "خالد السبت"
    },
    {
        "Lectures": "من أطاع الهوى هوى",
        "FilePath": "http://bot.altaqwaa.org/media/Lectures/203.mp4",
        "Author": "علي بن عبدالخالق القرني"
    },
    {
        "Lectures": "اقتباسات أدبية :\n\nلا تقولوا : قـال 'زيدٌ'.. وبذا 'عمرٌو' يقولْ\nووقوفاً عندَ : 'قال الله' أو 'قال الرسولْ'\nتقصُرُ الأقوالُ عندَ الشرع والشرعُ يطولْ",
        "FilePath": "http://bot.altaqwaa.org/media/Lectures/204.mp4",
        "Author": "علي بن عبدالخالق القرني"
    },
    {
        "Lectures": "اقتباسات أدبية :\n\nحسنٌ قولُ ”نعم“ من بعــدِ ”لا“\nوقـبـيــحٌ قــولُ ”لا“ بـعـــد ”نعم“\nإن ”لا“ بـعـــد ”نعم“ فــاحـشــةٌ\nفبـ ”لا“ فابـدأ إذا خفـت الندمْ",
        "FilePath": "http://bot.altaqwaa.org/media/Lectures/205.mp4",
        "Author": "علي بن عبدالخالق القرني"
    },
    {
        "Lectures": "وصف بليغ لحال النبي ﷺ\nوما كان عليه من تواضع جمّ ..",
        "FilePath": "http://bot.altaqwaa.org/media/Lectures/206.mp4",
        "Author": "علي بن عبدالخالق القرني"
    },
    {
        "Lectures": "اقتباسات أدبية :\n\nعمر الرجال يقاس بالمجد الذي\nشادوه لا بتقادم الميلادِ...",
        "FilePath": "http://bot.altaqwaa.org/media/Lectures/207.mp4",
        "Author": "علي بن عبدالخالق القرني"
    },
    {
        "Lectures": "اقتباسات أدبية :\n\nلـم يعـش.. مـن عـاشَ في الدنيـا لنفسـهْ\nهو ميت عافه الموت فأمسى دون رمسهْ\nلم يعش مَن همّه همّ على الأرضِ قريبُ\nكِسـرةٌ.. أو مركبٌ.. أو حلةٌ تبلى.. وثوبُ",
        "FilePath": "http://bot.altaqwaa.org/media/Lectures/208.mp4",
        "Author": "علي بن عبدالخالق القرني"
    },
    {
        "Lectures": "اقتباسات أدبية :\n\nدع ذكر عنترة العبسي وعبلته\nوذكر قيس وما لاقى وليلاهُ\nواطلب رضا الله فيما أنت فاعله\nمن يطلبن ذاك فالجنات مأواهُ",
        "FilePath": "http://bot.altaqwaa.org/media/Lectures/209.mp4",
        "Author": "علي بن عبدالخالق القرني"
    },
    {
        "Lectures": "الصلاة.. الصلاة",
        "FilePath": "http://bot.altaqwaa.org/media/Lectures/210.mp4",
        "Author": "علي بن عبدالخالق القرني"
    },
    {
        "Lectures": "الموظف مؤتمن على عمله\nرسالة لكل موظف بأن عمله أمانة يجب أن يؤديها..",
        "FilePath": "http://bot.altaqwaa.org/media/Lectures/211.mp4",
        "Author": "علي بن عبدالخالق القرني"
    },
    {
        "Lectures": "من قيض الله له في زمن الفتنة\nأخا صالحا\nواعيا مدركا\nيعظه.. يذكره..\nيبين له.. يثبته..\nثبت بإذن الله رب العالمين\n\nفوالله ما مال الفتى بذخيرةٍ\nولكن إخوان الثقاتِ الذخائرُ",
        "FilePath": "http://bot.altaqwaa.org/media/Lectures/212.mp4",
        "Author": "علي بن عبدالخالق القرني"
    },
    {
        "Lectures": "فكتاب الله محفـوظ بمـا\nوعدَ الرحمن ما حيٌّ بقي\n\nهو محفوظٌ نعم في أظلـعٍ\nنرتجي من حبنا أن تتقي\n\nهو محبـوبٌ وفـي أفئــدةٍ\nنسـأل الله لهـا أن تلتقـي\n\nإنه القرآن ما يبلى على..\nطول ما يبدو كبدرِ الألـقِ",
        "FilePath": "http://bot.altaqwaa.org/media/Lectures/213.mp4",
        "Author": "علي بن عبدالخالق القرني"
    },
    {
        "Lectures": "موعظة بليغة\nفي فضل الإنفاق وأهميته وأثره\nوصور من بذل السلف وإنفاقهم\nوحرصهم على الوقف لله..",
        "FilePath": "http://bot.altaqwaa.org/media/Lectures/214.mp4",
        "Author": "علي بن عبدالخالق القرني"
    },
    {
        "Lectures": "أسلم نفسك لله",
        "FilePath": "http://bot.altaqwaa.org/media/Lectures/215.mp4",
        "Author": "علي بن عبدالخالق القرني"
    },
    {
        "Lectures": "كلمات من نور في ذكر فضل النبي ﷺ على أمته\nووجوب اتباعه \nوحرمة الابتداع ومخالفة هديه ﷺ\nومن ذلك ما ابتدعه الناس من بدعة #المولد",
        "FilePath": "http://bot.altaqwaa.org/media/Lectures/216.mp4",
        "Author": "علي بن عبدالخالق القرني"
    },
    {
        "Lectures": "( 2 ) العمل يعظم بتحقيق التوحيد",
        "FilePath": "http://bot.altaqwaa.org/media/Lectures/217.mp4",
        "Author": "علي بن عبدالخالق القرني"
    },
    {
        "Lectures": "توحيدك أعظم وأسعد مهاد لك في قبرك",
        "FilePath": "http://bot.altaqwaa.org/media/Lectures/218.mp4",
        "Author": "علي بن عبدالخالق القرني"
    },
    {
        "Lectures": "تواضع لأقرانك",
        "FilePath": "http://bot.altaqwaa.org/media/Lectures/219.mp4",
        "Author": "علي بن عبدالخالق القرني"
    },
    {
        "Lectures": "وإنك لعلى خلق عظيم ..ﷺ",
        "FilePath": "http://bot.altaqwaa.org/media/Lectures/220.mp4",
        "Author": "علي بن عبدالخالق القرني"
    },
    {
        "Lectures": "دعاء وتضرع لإخواننا في #فلسطين حررها الله",
        "FilePath": "http://bot.altaqwaa.org/media/Lectures/221.mp4",
        "Author": "علي بن عبدالخالق القرني"
    },
    {
        "Lectures": "يتلونه حق تلاوته",
        "FilePath": "http://bot.altaqwaa.org/media/Lectures/222.mp4",
        "Author": "علي بن عبدالخالق القرني"
    },
    {
        "Lectures": "تدبَّر كتابَ الله",
        "FilePath": "http://bot.altaqwaa.org/media/Lectures/223.mp4",
        "Author": "علي بن عبدالخالق القرني"
    },
    {
        "Lectures": "أحدث لربك توبةً\nفسبيلها لك ممكنُ",
        "FilePath": "http://bot.altaqwaa.org/media/Lectures/224.mp4",
        "Author": "علي بن عبدالخالق القرني"
    },
    {
        "Lectures": "كتاب الله داعٍ وحادٍ مؤثر",
        "FilePath": "http://bot.altaqwaa.org/media/Lectures/225.mp4",
        "Author": "علي بن عبدالخالق القرني"
    },
    {
        "Lectures": "لقد أنزلنا إليكم كتابا فيه ذكركم",
        "FilePath": "http://bot.altaqwaa.org/media/Lectures/226.mp4",
        "Author": "علي بن عبدالخالق القرني"
    },
    {
        "Lectures": "تلاوة كتاب الله تجارة رابحة واستثمار أمثل",
        "FilePath": "http://bot.altaqwaa.org/media/Lectures/227.mp4",
        "Author": "علي بن عبدالخالق القرني"
    },
    {
        "Lectures": "ليدبّروا آياته",
        "FilePath": "http://bot.altaqwaa.org/media/Lectures/228.mp4",
        "Author": "علي بن عبدالخالق القرني"
    },
    {
        "Lectures": "يرجون تجارة لن تبور",
        "FilePath": "http://bot.altaqwaa.org/media/Lectures/229.mp4",
        "Author": "علي بن عبدالخالق القرني"
    },
    {
        "Lectures": "إنه #الرسول_المصطفى",
        "FilePath": "http://bot.altaqwaa.org/media/Lectures/230.mp4",
        "Author": "علي بن عبدالخالق القرني"
    },
    {
        "Lectures": "هو الأحمد المعروف في كل مشهد\nعلى فضله جل البرية تشهدُ..\n\nصلى الله عليه وسلم",
        "FilePath": "http://bot.altaqwaa.org/media/Lectures/231.mp4",
        "Author": "علي بن عبدالخالق القرني"
    },
    {
        "Lectures": "تصبر إذا ما الأمر صعب فإنما..\nيلاقي نجاحا من يكون صبورا..",
        "FilePath": "http://bot.altaqwaa.org/media/Lectures/232.mp4",
        "Author": "علي بن عبدالخالق القرني"
    },
    {
        "Lectures": "ويا أمةَ خاتم الأنبيا\nإذا مـا دجـى الليل البهيـم وأظلمـا\nفما النور إلا في هذى أكرم الورى\n\nومن حاد عن نهجه قد هوى\nســـواءً درى ذاك أم مـــــا درى\nوذاك جهــول عريـض القفـا\nفـشــرّ الأمــور اتبــاع الهـوى\nوخير الهدى هديُ خير الورى\n\nصلى عليه الله ما وبل هما\nوما نجوم زيّنت وجه السما",
        "FilePath": "http://bot.altaqwaa.org/media/Lectures/233.mp4",
        "Author": "علي بن عبدالخالق القرني"
    },
    {
        "Lectures": "لن نرض غير الله معبودا ولا\nخُلقا سوى خُلق النبي محمدِ\n\nفهو الذي منح الخِلال جمالها\nومكارمَ الأخلاقِ جاء يتممُ\nوالأرض تشهد والسما والأنجمُ\n\nصلى عليه الله جل جلالهُ\nوالخلق قد صلوا عليه وسلموا",
        "FilePath": "http://bot.altaqwaa.org/media/Lectures/234.mp4",
        "Author": "علي بن عبدالخالق القرني"
    },
    {
        "Lectures": "من جاد ساد .. ومن بخل باد\nوالله جواد يحب الجود .. ومنع الجود سوء ظن بالمعبود..\nيا جـامـعَ الأمـوال لا تبخل بها\nفـالمـالُ يا مسـكـينُ  للرحـمـن\nهو من يديكَ وإن تكاثر زائـلٌ\nفخذ الذي يبقى وخلّ الفاني\nأقرضه للمعطيكهُ تظفر بمـا\nأقرضـتَ فـي دارٍ جناهـا داني",
        "FilePath": "http://bot.altaqwaa.org/media/Lectures/235.mp4",
        "Author": "علي بن عبدالخالق القرني"
    },
    {
        "Lectures": "ما أحرانا بحسن الظن بإخواننا..\nوشعارنا : ما ندري لعلهم خير منا\n\nفمـا عبَّـر الإنسـانُ عـن فضـل نفسـه\nبمثل اعتقاد الفضلِ في كل فاضل\nفليـسَ من الإنصـافِ أن يدفـع الفتى\nيدَ النقصِ عنه بانتقـاص الأفاضـلِ",
        "FilePath": "http://bot.altaqwaa.org/media/Lectures/236.mp4",
        "Author": "علي بن عبدالخالق القرني"
    },
    {
        "Lectures": "إنه رسول الله صلى الله عليه وسلم",
        "FilePath": "http://bot.altaqwaa.org/media/Lectures/237.mp4",
        "Author": "علي بن عبدالخالق القرني"
    },
    {
        "Lectures": "حلم ورفق #رسول_الله صلى الله عليه وسلم",
        "FilePath": "http://bot.altaqwaa.org/media/Lectures/238.mp4",
        "Author": "علي بن عبدالخالق القرني"
    },
    {
        "Lectures": "صلى الله عليه وسلم",
        "FilePath": "http://bot.altaqwaa.org/media/Lectures/239.mp4",
        "Author": "علي بن عبدالخالق القرني"
    },
    {
        "Lectures": "قال صلى الله عليه وسلم:\nمن أشد أمتي حبا لي ناس يكونون من بعدي يود أحدهم لو رآني بأهله وماله\nاللهم اجعلنا منهم واحشرنا في زمرة حبيبنا صلى الله عليه وسلم",
        "FilePath": "http://bot.altaqwaa.org/media/Lectures/240.mp4",
        "Author": "علي بن عبدالخالق القرني"
    },
    {
        "Lectures": "استر النفس بفعل الصالحات..\n\nحسن أخلاق الفتى في قومه..\nيستر العيب ويخفي السيئات..\n\nومساويه .. وسوءُ خلقه..\nحفنة منها تغطي الحسنات..",
        "FilePath": "http://bot.altaqwaa.org/media/Lectures/241.mp4",
        "Author": "علي بن عبدالخالق القرني"
    },
    {
        "Lectures": "صلى عليه مسلما رب الورى\nما لمع البرق على أم القرى\nوهتفت قمرية على الذرى",
        "FilePath": "http://bot.altaqwaa.org/media/Lectures/242.mp4",
        "Author": "علي بن عبدالخالق القرني"
    },
    {
        "Lectures": "🔸 من أنكر السنة فقد أنكر القرآن",
        "FilePath": "http://bot.altaqwaa.org/media/Lectures/243.mp4",
        "Author": "ابن باز رحمه الله"
    },
    {
        "Lectures": "أبيات في مدح #رسول_الله صلى الله عليه وسلم",
        "FilePath": "http://bot.altaqwaa.org/media/Lectures/244.mp4",
        "Author": "علي بن عبدالخالق القرني"
    },
    {
        "Lectures": "إننا أمة تمضي وراء دليل بصير بالسبل\nوهـــو خـــاتــــم الرســــل\nمــن وطــئ بـرسـالتــه الحصـبــاء\nفكانت إثمداً يكتحل به السعـداء\nوأمته هي الأمة الأخيـرة\nإن تنكبـت طريقه هلكت\nوغرقت السفينة التي تحمل الذخيرة\n\nفلا يرتجـى نصـر ولا كشـف علة\nإذا جــــاء داء مــن مــكـــــان دواء\n\nإلى الماء يسعى من يغص بريقه\nفقل أين يسعى من يغص بماء ؟!",
        "FilePath": "http://bot.altaqwaa.org/media/Lectures/245.mp4",
        "Author": "علي بن عبدالخالق القرني"
    },
    {
        "Lectures": "كلمات من نور \nيا عباد الله فاثبتوا",
        "FilePath": "http://bot.altaqwaa.org/media/Lectures/246.mp4",
        "Author": "علي بن عبدالخالق القرني"
    },
    {
        "Lectures": "🔸 المحبة ثمرة المعرفة",
        "FilePath": "http://bot.altaqwaa.org/media/Lectures/247.mp4",
        "Author": "علي بن عبدالخالق القرني"
    },
    {
        "Lectures": "🔸صورة من جود النبي صلى الله عليه وسلم",
        "FilePath": "http://bot.altaqwaa.org/media/Lectures/248.mp4",
        "Author": "علي بن عبدالخالق القرني"
    },
    {
        "Lectures": "🔸أبيات في الثناء والدفاع عن النبي صلى الله عليه وسلم",
        "FilePath": "http://bot.altaqwaa.org/media/Lectures/249.mp4",
        "Author": "علي بن عبدالخالق القرني"
    },
    {
        "Lectures": "عوداً  لوحي الله أمةَ أحمد...\nفالعودُ من بعد الضلالة أحمدُ\n\nلا تطلبوا طوق النجاةِ بغيره\nهو وحده في النائبات المنجدُ",
        "FilePath": "http://bot.altaqwaa.org/media/Lectures/250.mp4",
        "Author": "علي بن عبدالخالق القرني"
    },
    {
        "Lectures": "🔸من حكم الله ورحمته في الابتلاء",
        "FilePath": "http://bot.altaqwaa.org/media/Lectures/251.mp4",
        "Author": "حسن بخاري"
    },
    {
        "Lectures": "يارب 🤲🏻",
        "FilePath": "http://bot.altaqwaa.org/media/Lectures/252.mp4",
        "Author": "علي بن عبدالخالق القرني"
    },
    {
        "Lectures": "لا أحوج الله الكريم إلى أحد",
        "FilePath": "http://bot.altaqwaa.org/media/Lectures/253.mp4",
        "Author": "علي بن عبدالخالق القرني"
    },
    {
        "Lectures": "#صلى_الله_عليه_وسلم",
        "FilePath": "http://bot.altaqwaa.org/media/Lectures/254.mp4",
        "Author": "علي بن عبدالخالق القرني"
    },
    {
        "Lectures": "إنه #رسول_الله .. بل خليل الله",
        "FilePath": "http://bot.altaqwaa.org/media/Lectures/255.mp4",
        "Author": "علي بن عبدالخالق القرني"
    },
    {
        "Lectures": "ما بين غمضة عين وانتباهتها\nيغيّر الله من حال إلى حالِ",
        "FilePath": "http://bot.altaqwaa.org/media/Lectures/256.mp4",
        "Author": "علي بن عبدالخالق القرني"
    },
    {
        "Lectures": "قل خيرا أو اصمت",
        "FilePath": "http://bot.altaqwaa.org/media/Lectures/257.mp4",
        "Author": "علي بن عبدالخالق القرني"
    },
    {
        "Lectures": "وأمرهم #شورى بينهم..\nأبيات جميلة في الشورى",
        "FilePath": "http://bot.altaqwaa.org/media/Lectures/258.mp4",
        "Author": "علي بن عبدالخالق القرني"
    },
    {
        "Lectures": "🔸تعليم الأبناء سيرة النبي صلى الله عليه وسلم🔸\n\nمن الأشياء التي يجب أن يعلمها الأب لأولاده\nحب #رسول_الله صلى الله عليه وسلم ..\nوسيرة النبي صلى الله عليه وسلم..",
        "FilePath": "http://bot.altaqwaa.org/media/Lectures/259.mp4",
        "Author": "علي الشبيلي"
    },
    {
        "Lectures": "ما أعظم قوة الإيمان واليقين والتعلق بالله رب العالمين",
        "FilePath": "http://bot.altaqwaa.org/media/Lectures/260.mp4",
        "Author": "علي بن عبدالخالق القرني"
    },
    {
        "Lectures": "هذا نبي الله #صلى_الله_عليه_وسلم",
        "FilePath": "http://bot.altaqwaa.org/media/Lectures/261.mp4",
        "Author": "علي بن عبدالخالق القرني"
    },
    {
        "Lectures": "الحياء من الله",
        "FilePath": "http://bot.altaqwaa.org/media/Lectures/262.mp4",
        "Author": "علي بن عبدالخالق القرني"
    },
    {
        "Lectures": "فضل الصلاة على النبي محمد 'يا أيها الذين آمنوا صلوا عليه وسلموا تسليما'",
        "FilePath": "http://bot.altaqwaa.org/media/Lectures/263.mp4"
    },
    {
        "Lectures": "حقيقة #التوكل على الله",
        "FilePath": "http://bot.altaqwaa.org/media/Lectures/264.mp4",
        "Author": "علي بن عبدالخالق القرني"
    },
    {
        "Lectures": "هذا #رسول_الله\nخير خلق الله..",
        "FilePath": "http://bot.altaqwaa.org/media/Lectures/265.mp4",
        "Author": "علي بن عبدالخالق القرني"
    },
    {
        "Lectures": "#مقطوعة #أدبية #رائعة في التمسك بالدين وقت الفتن",
        "FilePath": "http://bot.altaqwaa.org/media/Lectures/266.mp4",
        "Author": "علي بن عبدالخالق القرني"
    },
    {
        "Lectures": "الصحبة رقّ",
        "FilePath": "http://bot.altaqwaa.org/media/Lectures/267.mp4",
        "Author": "علي بن عبدالخالق القرني"
    },
    {
        "Lectures": "أبيات في الثناء على الله سبحانه والصلاة على النبي عليه الصلاة والسلام \nأداء #ظفر_النتيفات",
        "FilePath": "http://bot.altaqwaa.org/media/Lectures/268.mp4"
    },
    {
        "Lectures": "الصحبة رقّ",
        "FilePath": "http://bot.altaqwaa.org/media/Lectures/267.mp4",
        "Author": "علي بن عبدالخالق القرني"
    }
]