[
    {
        "name":"اللَّهُ",
        "text":"وهو الاسم الأعظم الذي تفرد به الحق سبحانه وخص به نفسه وجعله أول أسمائه، وأضافها كلها إليه فهو علم على ذاته سبحانه"
    },
    {
        "name":"الرَّحْمَنُ",
        "text":"كثير الرحمة وهو اسم مقصور على الله عز وجل ولا يجوز أن يقال رحمن لغير الله، وذلك لأن رحمته وسعت كل شيء وهو أرحم الراحمين"
    },
    {
        "name":"الرَّحِيم",
        "text":"هو المنعم أبدا، المتفضل دوما، فرحمته لا تنتهي"
    },
    {
        "name":"المَلِك",
        "text":"هو الله، ملك الملوك، له الملك، وهو مالك يوم الدين، ومليك الخلق فهو المالك المطلق"
    },
    {
        "name":"الْقُدُّوس",
        "text":"هو الطاهر المنزه عن العيوب والنقائص وعن كل ما تحيط به العقول"
    },
    {
        "name":"السَّلَام",
        "text":"هو ناشر السلام بين الأنام وهو الذي سلمت ذاته من النقص والعيب والفناء"
    },
    {
        "name":"المُؤْمِن",
        "text":"هو الذي سلم أوليائه من عذابه، والذي يصدق عباده ما وعدهم"
    },
    {
        "name":"الْمُهَيْمِن",
        "text":"هو الرقيب الحافظ لكل شيء، القائم على خلقه بأعمالهم، وأرزاقهم وآجالهم، والمطلع على خفايا الأمور وخبايا الصدور"
    },
    {
        "name":"الْعَزِيز",
        "text":"هو المنفرد بالعزة، الظاهر الذي لا يقهر، القوي الممتنع فلا يغلبه شيء وهو غالب كل شيء"
    },
    {
        "name":"الْجَبَّار",
        "text":"هو الذي تنفذ مشيئته، ولا يخرج أحد عن تقديره، وهو القاهر لخلقه على ما أراد"
    },
    {
        "name":"الْمُتَكَبِّر",
        "text":"هو المتعالى عن صفات الخلق المنفرد بالعظمة والكبرياء"
    },
    {
        "name":"الْخَالِق",
        "text":"هو الفاطر المبدع لكل شيء، والمقدر له والموجد للأشياء من العدم، فهو خالق كل صانع وصنعته"
    },
    {
        "name":"الْبَارِئ",
        "text":"هو الذي خلق الخلق بقدرته لا عن مثال سابق، القادر على إبراز ما قدره إلى الوجود"
    },
    {
        "name":"الْمُصَوِّر",
        "text":"هو الذي صور جميع الموجودات، ورتبها فأعطى كل شيء منها صورة خاصة، وهيئة منفردة، يتميز بها على اختلافها وكثرتها"
    },
    {
        "name":"اَلْغَفَّار",
        "text":"هو وحده الذي يغفر الذنوب ويستر العيوب في الدنيا والآخرة"
    },
    {
        "name":"الْقَهَّار",
        "text":"هو الغالب الذي قهر خلقه بسلطانه وقدرته، وخضعت له الرقاب وذلت له الجبابرة، وصرف خلقه على ما أراد طوعا وكرها، وعنت الوجوه له"
    },
    {
        "name":"الْوَهَّاب",
        "text":"هو المنعم على العباد، الذي يهب بغير عوض ويعطي الحاجة بغير سؤال، كثير النعم، دائم العطاء"
    },
    {
        "name":"الرَّزَّاق",
        "text":"هو الذي خلق الأرزاق وأعطى كل الخلائق أرزاقها، ويمد كل كائن لما يحتاجه، ويحفظ عليه حياته ويصلحه"
    },
    {
        "name":"الْفَتَّاح",

        "text":"هو الذي يفتح مغلق الأمور، ويسهل العسير، وبيده مفاتيح السماوات والأرض"
    },
    {
        "name":"الْعَلِيم",

        "text":"هو الذي يعلم تفاصيل الأمور، ودقائق الأشياء وخفايا الضمائر، والنفوس، لا يعزب عنه مثقال ذرة، فعلمه يحيط بجميع الأشياء"
    },
    {
        "name":"الْقَابِضُ",
        "text":"هو الذي يقبض الرزق عمن يشاء من الخلق بعدله وحكمته، والذي يوسع الرزق لمن يشاء من عباده بجوده ورحمته فهو سبحانه القابض الباسط"
    },
    {
        "name":"الْبَاسِطُ",
        "text":"هو الذي يقبض الرزق عمن يشاء من الخلق بعدله وحكمته، والذي يوسع الرزق لمن يشاء من عباده بجوده ورحمته فهو سبحانه القابض الباسط"
    },
    {
        "name":"الخافض",
        "text":"هو الذي يخفض الأذلال لكل من طغى وتجبر وخرج على شريعته وتمرد، وهو الذي يرفع عباده المؤمنين بالطاعات ويرفعهم على عدوهم فينصرهم وهو رافع السماوات السبع"
    },
    {
        "name":"الرَّافِعُ",
        "text":"هو الذي يخفض الأذلال لكل من طغى وتجبر وخرج على شريعته وتمرد، وهو الذي يرفع عباده المؤمنين بالطاعات ويرفعهم على عدوهم فينصرهم وهو رافع السماوات السبع"
    },
    {
        "name":"المعز",
        "text":"هو الذي يهب القوة والغلبة والشدة لمن شاء فيعزه، وينزعها عمن يشاء فيذله"
    },
    {
        "name":"المذل",
        "text":"هو الذي يهب القوة والغلبة والشدة لمن شاء فيعزه، وينزعها عمن يشاء فيذله"
    },
    {
        "name":"السَّمِيعُ",
        "text":"ومعناه سمعه لجميع الأصوات الظاهرة والباطنة الخفية والجلية، وإحاطته التامة بها، ومعناه أيضًا: سمع الإجابة منه للسائلين والداعين والعابدين فيجيبهم ويثيبهم"
    },
    {
        "name":"الْبَصِير",
        "text":"هو الذي يرى الأشياء كلها ظاهرها وباطنها وهو المحيط بكل شيء علماً"
    },
    {
        "name":"الْحَكَم",
        "text":"هو الذي يفصل بين مخلوقاته بما شاء ويفصل بين الحق والباطل لا راد لقضائه ولا معقب لحكمه"
    },
    {
        "name":"العدل",
        "text":"هو الذي حرم الظلم على نفسه، وجعله على عباده محرما، فهو المنزه عن الظلم والجور في أحكامه وأفعاله الذي يعطي كل ذي حق حقه"
    },
    {
        "name":"اللَّطِيفُ",
        "text":"هو البر الرفيق بعباده، يرزق وييسر ويحسن إليهم، ويرفق بهم ويتفضل عليهم"
    },
    {
        "name":"الْخَبِيرُ",
        "text":"هو العليم بدقائق الأمور، لا تخفى عليه خافية، ولا يغيب عن علمه شيء فهو العالم بما كان ويكون"
    },
    {
        "name":"الْحَلِيمُ",
        "text":"هو الصبور الذي يمهل ولا يهمل، ويستر الذنوب، ويؤخر العقوبة، فيرزق العاصي كما يرزق المطيع"
    },
    {
        "name":"الْعَظِيمُ",
        "text":"هو العظيم في كل شئ، عظيم في ذاته وأسمائه وصفاته، عظيم في رحمته، عظيم في قدرته، عظيم في حكمته، عظيم في جبروته وكبريائه، عظيم في هبته وعطائه، عظيم في خبرته ولطفه، عظيم في بره وإحسانه، عظيم في عزته وعدله وحمده، فهو العظيم المطلق، فلا أحد يساويه"
    },
    {
        "name":"الْغَفُورُ",
        "text":"هو الساتر لذنوب عباده المتجاوز عن خطاياهم وذنوبهم. الفرق بين هذا الاسم واسم الغفار أن اسم الغفور يكون للدلالة على مغفرة الذنب مهما عظم وأيس صاحبه من المغفرة أما الغفار فتدل على مغفرة الله المستمرة للذنوب المختلفة لأن الإنسان خطاء فالله غفار"
    },
    {
        "name":"الشَّكُورُ",
        "text":"هو الذي يزكو عنده القليل من أعمال العباد، فيتقبلها ويضاعف أجرها"
    },
    {
        "name":"الْعَلِيُّ",
        "text":"هو الرفيع القدر فلا يحيط به وصف الواصفين المتعالي عن الأنداد والأضداد، فكل معاني العلو ثابتة له ذاتا وقهرا وشأنا"
    },
    {
        "name":"الْكَبِيرُ",
        "text":"هو العظيم الجليل ذو الكبرياء في صفاته وأفعاله فلا يحتاج إلى شيء ولا يعجزه شيء (ليس كمثله شيء)"
    },
    {
        "name":"الْحَفِيظُ",
        "text":"هو الذي لا يغرب عن حفظه شيء ولو كمثقال الذر فحفظه لا يتبدل ولا يزول ولا يعتريه التبديل"
    },
    {
        "name":"المُقِيت",
        "text":"هو المتكفل بإيصال أقوات الخلق إليهم وهو الحفيظ والمقتدر والقدير والمقدر والممدد"
    },
    {
        "name":"الْحَسِيبُ",
        "text":"هو الكافي الذي منه كفاية العباد وهو الذي عليه الاعتماد يكفي العباد بفضله"
    },
    {
        "name":"الجليل",
        "text":"هو العظيم المطلق المتصف بجميع صفات الكمال والمنعوت بكمالها المنزه عن كل نقص"
    },
    {
        "name":"الْكَرِيمُ",
        "text":"هو الكثير الخير الجواد المعطي الذي لا ينفذ عطاؤه وهو الكريم المطلق الجامع لأنواع الخير والشرف والفضائل المحمود بفعاله"
    },
    {
        "name":"الرَّقِيبُ",
        "text":"هو الرقيب الذي يراقب أحوال العباد ويعلم أقوالهم ويحصي أعمالهم وهو الحافظ الذي لا يغيب عنه شيء"
    },
    {
        "name":"الْمُجِيبُ",
        "text":"هو الذي يجيب دعاء من دعاه، وسؤال من سأله، ويقابله بالعطاء والقبول، ولا يسأل أحد سواه"
    },
    {
        "name":"الْوَاسِعُ",
        "text":"هو الذي وسع رزقه جميع خلقه، وسعت رحمته كل شيء المحيط بكل شيء"
    },
    {
        "name":"اَلْحَكِيمُ",
        "text":"هو المحق في تدبيره اللطيف في تقديره الخبير بحقائق الأمور العليم بحكمه المقدور فجميع خلقه وقضاه خير وحكمة وعدل"
    },
    {
        "name":"الْوَدُودُ",
        "text":"هو المحب لعباده، والمحبوب في قلوب أوليائه"
    },
    {
        "name":"الْمَجِيدُ",
        "text":"هو الله تمجَّد بفعاله، ومجَّده خلقه لعظمته، والمجيد هو واسع الكرم، ووصف نفسه بالمجيد وهو متضمن كثرة صفات كماله وسعتها، وعدم إحصاء الخلق لها، وسعة أفعاله وكثرة خيره ودوامه. وتعني أيضاً البالغ النهاية في المجد، الكثير الإحسان الجزيل العطاء العظيم البر. تمجد"
    },
    {
        "name":"الباعث",
        "text":"هو باعث الخلق يوم القيامة، وباعث رسله إلى العباد، وباعث المعونة إلى العبد"
    },
    {
        "name":"الشَّهِيدُ",
        "text":"هو الحاضر الذي لا يغيب عنه شيء، فهو المطلع على كل شيء مشاهد له عليم بتفاصيله"
    },
    {
        "name":"الْحَقُّ",
        "text":"هو الذي يحق الحق بكلماته ويؤيد أولياءه فهو المستحق للعبادة"
    },
    {
        "name":"الْوَكِيلُ",
        "text":"هو الكفيل بالخلق القائم بأمورهم فمن توكل عليه تولاه وكفاه، ومن استغنى به أغناه وأرضاه"
    },
    {
        "name":"الْقَوِيّ",
        "text":"هو صاحب القدرة التامة البالغة الكمال غالب لا يُغلب فقوته فوق كل قوة، ولايرد قضاءه راد، ينفذ أمره، ويمضي قضاؤه في خلقه، شديد عقابه لمن كفر بآياته وجحد حججه"
    },
    {
        "name":"الْمَتِينُ",
        "text":"هو الشديد الذي لا يحتاج في إمضاء حكمه إلى جند أو مدد ولا إلى معين، فهو المتناهي في القوة، التي لاتلحق أفعاله مشقة، ولايمسه فيها لغوب"
    },
    {
        "name":"الْوَلِيُّ",
        "text":"هو المحب الناصر لمن أطاعه، ينصر أولياءه، ويقهر أعداءه، والمتولي الأمور الخلائق ويحفظهم"
    },
    {
        "name":"الْحَمِيدُ",
        "text":"هو المستحق للحمد والثناء له منتهى الحمد وأطيبه على ذاته وصفاته وعلى نعمه التي لا تحصى"
    },
    {
        "name":"الْـمُحصِي",
        "text":"هو الذي أحصى كل شيء بعلمه، فلا يفوته منها دقيق ولا جليل"
    },
    {
        "name":"المبدئ",
        "text":"هو الذي أنشأ الأشياء، واخترعها ابتداء من غير سابق مثال"
    },
    {
        "name":"المعيد",
        "text":"هو الذي يعيد الخلق بعد الحياة إلى الممات في الدنيا، وبعد الممات إلى الحياة يوم القيامة"
    },
    {
        "name":"المُحيي",
        "text":"هو خالق الحياة ومعطيها لمن شاء، يحيي الخلق من العدم ثم يحييهم بعد الموت"
    },
    {
        "name":"المميت",
        "text":"هو مقدر الموت على كل من أماته ولا مميت سواه، قهر عباده بالموت متى شاء وكيف شاء"
    },
    {
        "name":"الْحَيُّ",
        "text":"هو المتصف بالحياة الأبدية التي لا بداية لها ولا نهاية فهو الباقي أزلا وأبدا وهو الحي الذي لا يموت"
    },
    {
        "name":"الْقَيُّومُ",
        "text":"هو القائم بنفسه، الغني عن غيره، وهو القائم بتدبير أمر خلقه في إنشائهم ورزقهم"
    },
    {
        "name":"الواجد",
        "text":"هو الذي لا يعوزه شيء ولا يعجزه شيء يجد كل ما يطلبه، ويدرك كل ما يريده"
    },
    {
        "name":"الماجد",
        "text":"هو الذي له الكمال المتناهي والعز الباهي، له العز في الأوصاف والأفعال الذي يعامل العباد بالجود والرحمة"
    },
    {
        "name":"الْوَاحِدُ",
        "text":"هو الفرد المتفرد في ذاته وصفائه وأفعاله، واحد في ملكه لا ينازعه أحد، لا شريك له سبحانه"
    },
    {
        "name":"الصَّمَدُ",
        "text":"هو المطاع الذي لا يقضى دونه أمر، الذي يقصد إليه في الحوائج فهو مقصد عباده في مهمات دينهم ودنياهم"
    },
    {
        "name":"الْقَادِرُ",
        "text":"هو الذي يقدر على إيجاد المعدوم وإعدام الموجود على قدر ما تقتضي الحكمة، لا زائدا عليه ولا ناقصا عنه"
    },
    {
        "name":"الْمُقْتَدِرُ",
        "text":"هو الذي يقدر على إصلاح الخلائق على وجه لا يقدر عليه غيره"
    },
    {
        "name":"الْمُقَدِّمُ",
        "text":"هو الذي يقدم الأشياء ويضعها في مواضعها، فمن استحق التقديم قدمه"
    },
    {
        "name":"الْمُؤَخِّرُ",
        "text":"هو الذي يؤخر الأشياء فيضعها في مواضعها المؤخر لمن شاء من الفجار والكفار وكل من يستحق التأخير"
    },
    {
        "name":"الْأَوَّلُ",
        "text":"هو الذي لم يسبقه في الوجود شيء فهو أول قبل الوجود"
    },
    {
        "name":"الْآخِرُ",
        "text":"هو الباقي بعد فناء خلقه، البقاء الأبدي يفنى الكل وله البقاء وحده، فليس بعده شيء"
    },
    {
        "name":"الظَّاهِرُ",
        "text":"هو الذي ظهر فوق كل شيء وعلا عليه، الظاهر وجوده لكثرة دلائله"
    },
    {
        "name":"الْبَاطِنُ",
        "text":"هو العالم ببواطن الأمور وخفاياها، وهو أقرب إلينا من حبل الوريد"
    },
    {
        "name":"الوالي",
        "text":"هو المالك للأشياء المتصرف فيها بمشيئته وحكمته، ينفذ فيها أمره، ويجري عليها حكمه"
    },
    {
        "name":"الْمُتَعَالِ",
        "text":"هو الذي جل عن إفك المفترين، وتنزه عن وساوس المتحيرين"
    },
    {
        "name":"الْبَرُّ",
        "text":"هو العطوف على عباده ببره ولطفه، ومن على السائلين بحسن عطائه، وهو الصدق فيما وعد"
    },
    {
        "name":"التَّوَّابُ",
        "text":"هو الذي يوفق عباده للتوبة حتى يتوب عليهم ويقبل توبتهم فيقابل الدعاء بالعطاء، والتوبة بغفران الذنوب"
    },
    {
        "name":"الرَّحْمَنُ",
        "text":"الرحمن معناه الكثرة، يعني اسم الله الرحمن يشمل كل الخلائق من دون استثناء، فرحمته وسعت كل شيء، وهو أرحم الراحمين"
    },
    {
        "name":"الْمُنْتَقِمُ",
        "text":"هو الذي يقصم ظهور الطغاة، ويشدد العقوبة على العصاة، وذلك بعد الإعذار والإنذار"
    },
    {
        "name":"العَفُو",
        "text":"هو الذي يترك المؤاخدة على الذنوب ولا يذكرك بالعيوب فهو يمحو السيئات ويتجاوز عن المعاصي"
    },
    {
        "name":"الرَّؤُوفُ",
        "text":"هو المتعطف على المذنبين بالتوبة، الذي جاد بلطفه ومَنَّ بتعطفه، يستر العيوب ثم يعفو عنها"
    },
    {
        "name":"مَالِكُ الْمُلْكِ",
        "text":"هو المتصرف في ملكه كيف يشاء لا راد لحكمه، ولا معقب لأمره"
    },
    {
        "name":"ذُو الْجَلَالِ والْإكْرَامِ",
        "text":"هو المنفرد بصفات الجلال والكمال والعظمة، المختص بالإكرام والكرامة وهو أهل لأن يجل"
    },
    {
        "name":"المقسط",
        "text":"هو العادل في حكمه، الذي ينتصف للمظلوم من الظالم، ثم يكمل عدله فيرضي الظالم بعد إرضاء المظلوم"
    },
    {
        "name":"الْجَامِعُ",
        "text":"هو الذي جمع الكمالات كلها، ذاتا ووصفا وفعلا، الذي يجمع بين الخلائق المتماثلة والمتباينة، والذي يجمع الأولين والآخرين"
    },
    {
        "name":"الْغَنِيُّ",
        "text":"هو الذي لا يحتاج إلى شيء، وهو المستغني عن كل ما سواه، المفتقر إليه كل من عاداه"
    },
    {
        "name":"المغني",
        "text":"هو معطي الغنى لعباده، يغني من يشاء غناه، وهو الكافي لمن شاء من عباده"
    },
    {
        "name":"الْمُعْطِي المانع",
        "text":"هو الذي أعطى كل شيء، ويمنع العطاء عن من يشاء ابتلاء أو حماية"
    },
    {
        "name":"الضار النافع",
        "text":"هو المقدر للضر على من أراد كيف أراد، والمقدر النفع والخير لمن أراد كيف أراد كل ذلك على مقتضى حكمته سبحانه"
    },
    {
        "name":"النُّورُ",
        "text":"هو الهادي الرشيد الذي يرشد بهدايته من يشاء فيبين له الحق، ويلهمه اتباعه، الظاهر في ذاته، المظهر لغيره"
    },
    {
        "name":"الْهَادِي",
        "text":"هو المبين للخلق طريق الحق بكلامه يهدي القلوب إلى معرفته، والنفوس إلى طاعته"
    },
    {
        "name":"الْبَدِيعُ",
        "text":"هو الذي لا يماثله أحد في صفاته ولا في حكم من أحكامه، أو أمر من أموره، فهو المحدث الموجد على غير مثال"
    },
    {
        "name":"الباقي",
        "text":"هو وحده له البقاء، الدائم الوجود الموصوف بالبقاء الأزلي، غير قابل للفناء فهو الباقي بلا انتهاء"
    },
    {
        "name":"الْوَارِثُ",
        "text":"هو الأبقى الدائم الذي يرث الخلائق بعد فناء الخلق، وهو يرث الأرض ومن عليها"
    },
    {
        "name":"الرشيد",
        "text":"هو الذي أسعد من شاء بإرشاده، وأشقى من شاء بإبعاده، عظيم الحكمة بالغ الرشاد"
    },
    {
        "name":"الصبور",
        "text":"هو الحليم الذي لا يعاجل العصاة بالنقمة، بل يعفوا ويؤخر، ولا يسرع بالفعل قبل أوانه"
    }
]